<?xml version="1.0" encoding="UTF-8"?>
<rss version="2.0" xmlns:ror="http://rorweb.com/0.1/" >
<channel>
  <title>ROR Sitemap for http://www.expertselidbe.rs/</title>
  <link>http://www.expertselidbe.rs/</link>

<item>
     <link>http://www.expertselidbe.rs/</link>
     <title>Selidbe - transport</title>
     <description>Usluge prevoza, selidbe i transporta - Expert Selidbe Beograd. Preseljenje, pakovanje, montaza i demontaza. Selidbe kucnih ljubimaca i antikvarskog namestaja</description>
     <ror:updatePeriod>monthly</ror:updatePeriod>
     <ror:sortOrder>0</ror:sortOrder>
     <ror:resourceOf>sitemap</ror:resourceOf>
</item>
</channel>
</rss>
  